"producto","fuente","carpeta_salida","principal","estilo_secundaria","secundaria","tercera","estado","estilo_tercera"
"01_ROMPE GRASAS\4L","Zach\01_ROMPE GRASAS\4L\01_Portada.webp","Zach_Mejoradas\01_ROMPE GRASAS\4L","01_Ecommerce.png","/glassdisplay","02_Creativa.png","03_Creativa.png","3_generadas_revision_etiqueta_pendiente","/productline"
"02_APC ORANGE NEUTRO\1L","Zach\02_APC ORANGE NEUTRO\1L\01_Portada.jpg","Zach_Mejoradas\02_APC ORANGE NEUTRO\1L","01_Ecommerce.png","/cinematic","02_Creativa.png","03_Creativa.png","3_generadas_revision_etiqueta_pendiente","/monochrome"
"02_APC ORANGE NEUTRO\4L","Zach\02_APC ORANGE NEUTRO\4L\01_Portada.jpg","Zach_Mejoradas\02_APC ORANGE NEUTRO\4L","01_Ecommerce.png","/colorblock","02_Creativa.png","03_Creativa.png","3_generadas_revision_etiqueta_pendiente","/papercut"
"04_LAVAGARRAFONES\4L","Zach\04_LAVAGARRAFONES\4L\01_Portada.jpg","Zach_Mejoradas\04_LAVAGARRAFONES\4L","01_Ecommerce.png","/productpedestal","02_Creativa.png","03_Creativa.png","3_generadas_revision_etiqueta_pendiente","/features"
"07_DETERGENTE ACAROS\1L","Zach\07_DETERGENTE ACAROS\1L\01_Portada.webp","Zach_Mejoradas\07_DETERGENTE ACAROS\1L","01_Ecommerce.png","/glassdisplay","02_Creativa.png","03_Creativa.png","3_generadas_revision_etiqueta_pendiente","/macro"
"07_DETERGENTE ACAROS\4L","Zach\07_DETERGENTE ACAROS\4L\01_Portada.webp","Zach_Mejoradas\07_DETERGENTE ACAROS\4L","01_Ecommerce.png","/gradient","02_Creativa.png","03_Creativa.png","3_generadas_revision_etiqueta_pendiente","/colorblock"
"11_TITAN BIO PET","Zach\11_TITAN BIO PET\01_Portada.png","Zach_Mejoradas\11_TITAN BIO PET","01_Ecommerce.png","/levitation","02_Creativa.png","03_Creativa.png","3_generadas_revision_etiqueta_pendiente","/gradient"
"15_BIOTECH X\4L\Naranja","Zach\15_BIOTECH X\4L\Naranja\01_Portada.png","Zach_Mejoradas\15_BIOTECH X\4L\Naranja","01_Ecommerce.png","/glassdisplay","02_Creativa.png","03_Creativa.png","3_generadas_revision_etiqueta_pendiente","/portal"
"16_GEL LIMPIADOR COLCHONES\4L","Zach\16_GEL LIMPIADOR COLCHONES\4L\01_Portada.jpg","Zach_Mejoradas\16_GEL LIMPIADOR COLCHONES\4L","01_Ecommerce.png","/blackluxury","02_Creativa.png","03_Creativa.png","3_generadas_revision_etiqueta_pendiente","/industrial"
"17_ELIMINADOR ENZIMATICO\1L","Zach\17_ELIMINADOR ENZIMATICO\1L\Naranja\01_Portada.jpg","Zach_Mejoradas\17_ELIMINADOR ENZIMATICO\1L","01_Ecommerce.png","/glassdisplay","02_Creativa.png","03_Creativa.png","3_generadas_revision_etiqueta_pendiente","/portal"
"17_ELIMINADOR ENZIMATICO\4L","Zach\17_ELIMINADOR ENZIMATICO\4L\Naranja\01_Portada.webp","Zach_Mejoradas\17_ELIMINADOR ENZIMATICO\4L","01_Ecommerce.png","/productpedestal","02_Creativa.png","03_Creativa.png","3_generadas_revision_etiqueta_pendiente","/papercut"
"18_AROMA FINALIZADOR SERVICIO\4L\AQUA","Zach\18_AROMA FINALIZADOR SERVICIO\4L\AQUA\01_Portada.webp","Zach_Mejoradas\18_AROMA FINALIZADOR SERVICIO\4L\AQUA","01_Ecommerce.png","/colorblock","02_Creativa.png","03_Creativa.png","3_generadas_revision_etiqueta_pendiente","/papercut"
"18_AROMA FINALIZADOR SERVICIO\4L\CANELA","Zach\18_AROMA FINALIZADOR SERVICIO\4L\CANELA\01_Portada.webp","Zach_Mejoradas\18_AROMA FINALIZADOR SERVICIO\4L\CANELA","01_Ecommerce.png","/gradient","02_Creativa.png","03_Creativa.png","3_generadas_revision_etiqueta_pendiente","/lighttrails"
"18_AROMA FINALIZADOR SERVICIO\4L\CHERRY","Zach\18_AROMA FINALIZADOR SERVICIO\4L\CHERRY\01_Portada.webp","Zach_Mejoradas\18_AROMA FINALIZADOR SERVICIO\4L\CHERRY","01_Ecommerce.png","/glassdisplay","02_Creativa.png","03_Creativa.png","3_generadas_revision_etiqueta_pendiente","/portal"
"18_AROMA FINALIZADOR SERVICIO\4L\DRAK CAR","Zach\18_AROMA FINALIZADOR SERVICIO\4L\DRAK CAR\01_Portada.webp","Zach_Mejoradas\18_AROMA FINALIZADOR SERVICIO\4L\DRAK CAR","01_Ecommerce.png","/goldenhour","02_Creativa.png","03_Creativa.png","3_generadas_revision_etiqueta_pendiente","/lighttrails"
"18_AROMA FINALIZADOR SERVICIO\4L\ETERNO","Zach\18_AROMA FINALIZADOR SERVICIO\4L\ETERNO\01_Portada.webp","Zach_Mejoradas\18_AROMA FINALIZADOR SERVICIO\4L\ETERNO","01_Ecommerce.png","/monochrome","02_Creativa.png","03_Creativa.png","3_generadas_revision_etiqueta_pendiente","/reframe"
"18_AROMA FINALIZADOR SERVICIO\4L\FRESH","Zach\18_AROMA FINALIZADOR SERVICIO\4L\FRESH\01_Portada.webp","Zach_Mejoradas\18_AROMA FINALIZADOR SERVICIO\4L\FRESH","01_Ecommerce.png","/goldenhour","02_Creativa.png","03_Creativa.png","3_generadas_revision_etiqueta_pendiente","/industrial"
"18_AROMA FINALIZADOR SERVICIO\4L\HUGO MAGIC","Zach\18_AROMA FINALIZADOR SERVICIO\4L\HUGO MAGIC\01_Portada.webp","Zach_Mejoradas\18_AROMA FINALIZADOR SERVICIO\4L\HUGO MAGIC","01_Ecommerce.png","/goldenhour","02_Creativa.png","03_Creativa.png","3_generadas_revision_etiqueta_pendiente","/productpedestal"
"18_AROMA FINALIZADOR SERVICIO\4L\MENTA","Zach\18_AROMA FINALIZADOR SERVICIO\4L\MENTA\01_Portada.webp","Zach_Mejoradas\18_AROMA FINALIZADOR SERVICIO\4L\MENTA","01_Ecommerce.png","/blackluxury","02_Creativa.png","03_Creativa.png","3_generadas_revision_etiqueta_pendiente","/lighttrails"
"18_AROMA FINALIZADOR SERVICIO\4L\PETALOS","Zach\18_AROMA FINALIZADOR SERVICIO\4L\PETALOS\01_Portada.webp","Zach_Mejoradas\18_AROMA FINALIZADOR SERVICIO\4L\PETALOS","01_Ecommerce.png","/industrial","02_Creativa.png","03_Creativa.png","3_generadas_revision_etiqueta_pendiente","/monochrome"
"18_AROMA FINALIZADOR SERVICIO\4L\RALF","Zach\18_AROMA FINALIZADOR SERVICIO\4L\RALF\01_Portada.webp","Zach_Mejoradas\18_AROMA FINALIZADOR SERVICIO\4L\RALF","01_Ecommerce.png","/productpedestal","02_Creativa.png","03_Creativa.png","3_generadas_revision_etiqueta_pendiente","/blackluxury"
"18_AROMA FINALIZADOR SERVICIO\4L\VAINILLA","Zach\18_AROMA FINALIZADOR SERVICIO\4L\VAINILLA\01_Portada.webp","Zach_Mejoradas\18_AROMA FINALIZADOR SERVICIO\4L\VAINILLA","01_Ecommerce.png","/goldenhour","02_Creativa.png","03_Creativa.png","3_generadas_revision_etiqueta_pendiente","/monochrome"
"20_PRELAVADOR NEUTRO\1L","Zach\20_PRELAVADOR NEUTRO\1L\01_Portada.webp","Zach_Mejoradas\20_PRELAVADOR NEUTRO\1L","01_Ecommerce.png","/cinematic","02_Creativa.png","03_Creativa.png","3_generadas_revision_etiqueta_pendiente","/goldenhour"
"20_PRELAVADOR NEUTRO\4L","Zach\20_PRELAVADOR NEUTRO\4L\01_Portada.webp","Zach_Mejoradas\20_PRELAVADOR NEUTRO\4L","01_Ecommerce.png","/goldenhour","02_Creativa.png","03_Creativa.png","3_generadas_revision_etiqueta_pendiente","/levitation"
"21_PRELAVADOR DESMANCHADOR PH12\1L","Zach\21_PRELAVADOR DESMANCHADOR PH12\1L\01_Portada.webp","Zach_Mejoradas\21_PRELAVADOR DESMANCHADOR PH12\1L","01_Ecommerce.png","/cinematic","02_Creativa.png","03_Creativa.png","3_generadas_revision_etiqueta_pendiente","/industrial"
"21_PRELAVADOR DESMANCHADOR PH12\4L","Zach\21_PRELAVADOR DESMANCHADOR PH12\4L\01_Portada.webp","Zach_Mejoradas\21_PRELAVADOR DESMANCHADOR PH12\4L","01_Ecommerce.png","/industrial","02_Creativa.png","03_Creativa.png","3_generadas_revision_etiqueta_pendiente","/forcedperspective"
"22_SH TAPICERIAS NEGRAS\1L","Zach\22_SH TAPICERIAS NEGRAS\1L\01_Portada.webp","Zach_Mejoradas\22_SH TAPICERIAS NEGRAS\1L","01_Ecommerce.png","/glassdisplay","02_Creativa.png","03_Creativa.png","3_generadas_revision_etiqueta_pendiente","/colorblock"
"22_SH TAPICERIAS NEGRAS\4L","Zach\22_SH TAPICERIAS NEGRAS\4L\01_Portada.webp","Zach_Mejoradas\22_SH TAPICERIAS NEGRAS\4L","01_Ecommerce.png","/glassdisplay","02_Creativa.png","03_Creativa.png","3_generadas_revision_etiqueta_pendiente","/papercut"
"23_ENJUAGUE FINAL\1L\CARRO NUEVO","Zach\23_ENJUAGUE FINAL\1L\CARRO NUEVO\01_Portada.webp","Zach_Mejoradas\23_ENJUAGUE FINAL\1L\CARRO NUEVO","01_Ecommerce.png","/blackluxury","02_Creativa.png","03_Creativa.png","3_generadas_revision_etiqueta_pendiente","/portal"
"23_ENJUAGUE FINAL\1L\CEREZA","Zach\23_ENJUAGUE FINAL\1L\CEREZA\01_Portada.webp","Zach_Mejoradas\23_ENJUAGUE FINAL\1L\CEREZA","01_Ecommerce.png","/productpedestal","02_Creativa.png","03_Creativa.png","3_generadas_revision_etiqueta_pendiente","/blackluxury"
"23_ENJUAGUE FINAL\1L\COCO","Zach\23_ENJUAGUE FINAL\1L\COCO\01_Portada.webp","Zach_Mejoradas\23_ENJUAGUE FINAL\1L\COCO","01_Ecommerce.png","/colorblock","02_Creativa.png","03_Creativa.png","3_generadas_revision_etiqueta_pendiente","/cinematic"
"23_ENJUAGUE FINAL\1L\MENTA","Zach\23_ENJUAGUE FINAL\1L\MENTA\01_Portada.webp","Zach_Mejoradas\23_ENJUAGUE FINAL\1L\MENTA","01_Ecommerce.png","/levitation","02_Creativa.png","03_Creativa.png","3_generadas_revision_etiqueta_pendiente","/portal"
"23_ENJUAGUE FINAL\4L\CARRO NUEVO","Zach\23_ENJUAGUE FINAL\4L\CARRO NUEVO\01_Portada.webp","Zach_Mejoradas\23_ENJUAGUE FINAL\4L\CARRO NUEVO","01_Ecommerce.png","/industrial","02_Creativa.png","03_Creativa.png","3_generadas_revision_etiqueta_pendiente","/reframe"
"23_ENJUAGUE FINAL\4L\CEREZA","Zach\23_ENJUAGUE FINAL\4L\CEREZA\01_Portada.webp","Zach_Mejoradas\23_ENJUAGUE FINAL\4L\CEREZA","01_Ecommerce.png","/cinematic","02_Creativa.png","03_Creativa.png","3_generadas_revision_etiqueta_pendiente","/goldenhour"
"23_ENJUAGUE FINAL\4L\CITRICOS","Zach\23_ENJUAGUE FINAL\4L\CITRICOS\01_Portada.webp","Zach_Mejoradas\23_ENJUAGUE FINAL\4L\CITRICOS","01_Ecommerce.png","/glassdisplay","02_Creativa.png","03_Creativa.png","3_generadas_revision_etiqueta_pendiente","/colorblock"
"23_ENJUAGUE FINAL\4L\COCO","Zach\23_ENJUAGUE FINAL\4L\COCO\01_Portada.webp","Zach_Mejoradas\23_ENJUAGUE FINAL\4L\COCO","01_Ecommerce.png","/goldenhour","02_Creativa.png","03_Creativa.png","3_generadas_revision_etiqueta_pendiente","/productpedestal"
"23_ENJUAGUE FINAL\4L\MENTA","Zach\23_ENJUAGUE FINAL\4L\MENTA\01_Portada.webp","Zach_Mejoradas\23_ENJUAGUE FINAL\4L\MENTA","01_Ecommerce.png","/goldenhour","02_Creativa.png","03_Creativa.png","3_generadas_revision_etiqueta_pendiente","/features"
"24_DESODORANTE CALZADO\1L","Zach\24_DESODORANTE CALZADO\1L\01_Portada.webp","Zach_Mejoradas\24_DESODORANTE CALZADO\1L","01_Ecommerce.png","/cinematic","02_Creativa.png","03_Creativa.png","3_generadas_revision_etiqueta_pendiente","/colorblock"
"24_DESODORANTE CALZADO\4L","Zach\24_DESODORANTE CALZADO\4L\01_Portada.webp","Zach_Mejoradas\24_DESODORANTE CALZADO\4L","01_Ecommerce.png","/blackluxury","02_Creativa.png","03_Creativa.png","3_generadas_revision_etiqueta_pendiente","/relight"
"25_TALCO LIQUIDO\1L","Zach\25_TALCO LIQUIDO\1L\01_Portada.webp","Zach_Mejoradas\25_TALCO LIQUIDO\1L","01_Ecommerce.png","/cinematic","02_Creativa.png","03_Creativa.png","3_generadas_revision_etiqueta_pendiente","/ecommerce"
"25_TALCO LIQUIDO\4L","Zach\25_TALCO LIQUIDO\4L\01_Portada.webp","Zach_Mejoradas\25_TALCO LIQUIDO\4L","01_Ecommerce.png","/blackluxury","02_Creativa.png","03_Creativa.png","3_generadas_revision_etiqueta_pendiente","/goldenhour"
"26_SH TENIS\1L","Zach\26_SH TENIS\1L\01_Portada.webp","Zach_Mejoradas\26_SH TENIS\1L","01_Ecommerce.png","/cinematic","02_Creativa.png","03_Creativa.png","3_generadas_revision_etiqueta_pendiente","/portal"
"26_SH TENIS\4L","Zach\26_SH TENIS\4L\01_Portada.webp","Zach_Mejoradas\26_SH TENIS\4L","01_Ecommerce.png","/monochrome","02_Creativa.png","03_Creativa.png","3_generadas_revision_etiqueta_pendiente","/goldenhour"
"27_LIMPIADOR GAMUZA\1L","Zach\27_LIMPIADOR GAMUZA\1L\01_Portada.webp","Zach_Mejoradas\27_LIMPIADOR GAMUZA\1L","01_Ecommerce.png","/cinematic","02_Creativa.png","03_Creativa.png","3_generadas_revision_etiqueta_pendiente","/colorblock"
"27_LIMPIADOR GAMUZA\4L","Zach\27_LIMPIADOR GAMUZA\4L\01_Portada.webp","Zach_Mejoradas\27_LIMPIADOR GAMUZA\4L","01_Ecommerce.png","/levitation","02_Creativa.png","03_Creativa.png","3_generadas_revision_etiqueta_pendiente","/relight"
"28_LIMPIADOR GORRAS\1L","Zach\28_LIMPIADOR GORRAS\1L\01_Portada.webp","Zach_Mejoradas\28_LIMPIADOR GORRAS\1L","01_Ecommerce.png","/monochrome","02_Creativa.png","03_Creativa.png","3_generadas_revision_etiqueta_pendiente","/colorblock"
"28_LIMPIADOR GORRAS\4L","Zach\28_LIMPIADOR GORRAS\4L\01_Portada.webp","Zach_Mejoradas\28_LIMPIADOR GORRAS\4L","01_Ecommerce.png","/glassdisplay","02_Creativa.png","03_Creativa.png","3_generadas_revision_etiqueta_pendiente","/gradient"
"29_PANELES SOLARES\4L","Zach\29_PANELES SOLARES\4L\01_Portada.webp","Zach_Mejoradas\29_PANELES SOLARES\4L","01_Ecommerce.png","/gradient","02_Creativa.png","03_Creativa.png","3_generadas_revision_etiqueta_pendiente","/cinematic"
"15_BIOTECH X\4L\Cereza","Zach\15_BIOTECH X\4L\Cereza\01_Portada.png","Zach_Mejoradas\15_BIOTECH X\4L\Cereza","01_Ecommerce.png","/cinematic","02_Creativa.png","03_Creativa.png","3_generadas_revision_etiqueta_pendiente","/colorblock"
"15_BIOTECH X\4L\Kiwi","Zach\15_BIOTECH X\4L\Kiwi\01_Portada.png","Zach_Mejoradas\15_BIOTECH X\4L\Kiwi","01_Ecommerce.png","/papercut","02_Creativa.png","03_Creativa.png","3_generadas_revision_etiqueta_pendiente","/productpedestal"
"01_ROMPE GRASAS\20L","Zach\01_ROMPE GRASAS\20L\01_Portada.webp","Zach_Mejoradas\01_ROMPE GRASAS\20L","01_Ecommerce.png","/gradient","02_Creativa.png","03_Creativa.png","3_generadas_revision_etiqueta_pendiente","/portal"
"01_ROMPE GRASAS\1L","Zach\01_ROMPE GRASAS\1L\01_Portada.png","Zach_Mejoradas\01_ROMPE GRASAS\1L","01_Ecommerce.png","/industrial","02_Creativa.png","03_Creativa.png","3_generadas_revision_etiqueta_pendiente","/colorblock"
"17_ELIMINADOR ENZIMATICO\4L\Kiwi","Zach\17_ELIMINADOR ENZIMATICO\4L\Kiwi\01_Portada.png","Zach_Mejoradas\17_ELIMINADOR ENZIMATICO\4L\Kiwi","01_Ecommerce.png","/monochrome","02_Creativa.png","03_Creativa.png","3_generadas_revision_etiqueta_pendiente","/gradient"
"17_ELIMINADOR ENZIMATICO\4L\Cereza","Zach\17_ELIMINADOR ENZIMATICO\4L\Cereza\01_Portada.png","Zach_Mejoradas\17_ELIMINADOR ENZIMATICO\4L\Cereza","01_Ecommerce.png","/productpedestal","02_Creativa.png","03_Creativa.png","3_generadas_revision_etiqueta_pendiente","/blackluxury"
"06_SH NEUTRO LIMPIADOR\4L","Zach\06_SH NEUTRO LIMPIADOR\4L\01_Portada.webp","Zach_Mejoradas\06_SH NEUTRO LIMPIADOR\4L","01_Ecommerce.png","/relight","02_Creativa.png","03_Creativa.png","3_generadas_revision_etiqueta_pendiente","/blackluxury"
"10_VINAGRE LIMPIEZA 8%\4L","Zach\10_VINAGRE LIMPIEZA 8%\4L\01_Portada.webp","Zach_Mejoradas\10_VINAGRE LIMPIEZA 8%\4L","01_Ecommerce.png","/industrial","02_Creativa.png","03_Creativa.png","3_generadas_revision_etiqueta_pendiente","/forcedperspective"
"10_VINAGRE LIMPIEZA 8%\20L","Zach\10_VINAGRE LIMPIEZA 8%\20L\01_Portada.webp","Zach_Mejoradas\10_VINAGRE LIMPIEZA 8%\20L","01_Ecommerce.png","/productpedestal","02_Creativa.png","03_Creativa.png","3_generadas_revision_etiqueta_pendiente","/relight"
"10_VINAGRE LIMPIEZA 8%\1L","Zach\10_VINAGRE LIMPIEZA 8%\1L\01_Portada.webp","Zach_Mejoradas\10_VINAGRE LIMPIEZA 8%\1L","01_Ecommerce.png","/papercut","02_Creativa.png","03_Creativa.png","3_generadas_revision_etiqueta_pendiente","/blackluxury"
"32_CALMA PIEL","Zach\32_CALMA PIEL\01_Portada.webp","Zach_Mejoradas\32_CALMA PIEL","01_Ecommerce.png","/gradient","02_Creativa.png","03_Creativa.png","3_generadas_revision_etiqueta_pendiente","/portal"
"09_DETERGENTE COLCHONES\4L","Zach\09_DETERGENTE COLCHONES\4L\01_Portada.webp","Zach_Mejoradas\09_DETERGENTE COLCHONES\4L","01_Ecommerce.png","/forcedperspective","02_Creativa.png","03_Creativa.png","3_generadas_revision_etiqueta_pendiente","/blackluxury"
"31_VINAGRE ARROZ","Zach\31_VINAGRE ARROZ\01_Portada.webp","Zach_Mejoradas\31_VINAGRE ARROZ","01_Ecommerce.png","/productpedestal","02_Creativa.png","03_Creativa.png","3_generadas_revision_etiqueta_pendiente","/relight"
"09_DETERGENTE COLCHONES\20L","Zach\09_DETERGENTE COLCHONES\20L\01_Portada.webp","Zach_Mejoradas\09_DETERGENTE COLCHONES\20L","01_Ecommerce.png","/productpedestal","02_Creativa.png","03_Creativa.png","3_generadas_revision_etiqueta_pendiente","/papercut"
"17_ELIMINADOR ENZIMATICO\20L","Zach\17_ELIMINADOR ENZIMATICO\20L\01_Portada.webp","Zach_Mejoradas\17_ELIMINADOR ENZIMATICO\20L","01_Ecommerce.png","/glassdisplay","02_Creativa.png","03_Creativa.png","3_generadas_revision_etiqueta_pendiente","/goldenhour"
"09_DETERGENTE COLCHONES\1L","Zach\09_DETERGENTE COLCHONES\1L\01_Portada.webp","Zach_Mejoradas\09_DETERGENTE COLCHONES\1L","01_Ecommerce.png","/relight","02_Creativa.png","03_Creativa.png","3_generadas_revision_etiqueta_pendiente","/goldenhour"
"08_ROMPE MANCHAS ORGÁNICAS\4L","Zach\08_ROMPE MANCHAS ORGÁNICAS\4L\01_Portada.webp","Zach_Mejoradas\08_ROMPE MANCHAS ORGÁNICAS\4L","01_Ecommerce.png","/lighttrails","02_Creativa.png","03_Creativa.png","3_generadas_revision_etiqueta_pendiente","/papercut"
"17_ELIMINADOR ENZIMATICO\1L\Kiwi","Zach\17_ELIMINADOR ENZIMATICO\1L\Kiwi\01_Portada.png","Zach_Mejoradas\17_ELIMINADOR ENZIMATICO\1L\Kiwi","01_Ecommerce.png","/lighttrails","02_Creativa.png","03_Creativa.png","3_generadas_revision_etiqueta_pendiente","/monochrome"
"08_ROMPE MANCHAS ORGÁNICAS\20L","Zach\08_ROMPE MANCHAS ORGÁNICAS\20L\01_Portada.webp","Zach_Mejoradas\08_ROMPE MANCHAS ORGÁNICAS\20L","01_Ecommerce.png","/papercut","02_Creativa.png","03_Creativa.png","3_generadas_revision_etiqueta_pendiente","/relight"
"17_ELIMINADOR ENZIMATICO\1L\Cereza","Zach\17_ELIMINADOR ENZIMATICO\1L\Cereza\01_Portada.png","Zach_Mejoradas\17_ELIMINADOR ENZIMATICO\1L\Cereza","01_Ecommerce.png","/goldenhour","02_Creativa.png","03_Creativa.png","3_generadas_revision_etiqueta_pendiente","/levitation"
"08_ROMPE MANCHAS ORGÁNICAS\1L","Zach\08_ROMPE MANCHAS ORGÁNICAS\1L\01_Portada.webp","Zach_Mejoradas\08_ROMPE MANCHAS ORGÁNICAS\1L","01_Ecommerce.png","/lighttrails","02_Creativa.png","03_Creativa.png","3_generadas_revision_etiqueta_pendiente","/reframe"
"16_GEL LIMPIADOR COLCHONES\20L","Zach\16_GEL LIMPIADOR COLCHONES\20L\01_Portada.webp","Zach_Mejoradas\16_GEL LIMPIADOR COLCHONES\20L","01_Ecommerce.png","/blackluxury","02_Creativa.png","03_Creativa.png","3_generadas_revision_etiqueta_pendiente","/papercut"
"29_PANELES SOLARES\1L","Zach\29_PANELES SOLARES\1L\01_Portada.webp","Zach_Mejoradas\29_PANELES SOLARES\1L","01_Ecommerce.png","/colorblock","02_Creativa.png","03_Creativa.png","3_generadas_revision_etiqueta_pendiente","/cinematic"
"07_DETERGENTE ACAROS\20L","Zach\07_DETERGENTE ACAROS\20L\01_Portada.png","Zach_Mejoradas\07_DETERGENTE ACAROS\20L","01_Ecommerce.png","/portal","02_Creativa.png","03_Creativa.png","3_generadas_revision_etiqueta_pendiente","/levitation"
"16_GEL LIMPIADOR COLCHONES\1L","Zach\16_GEL LIMPIADOR COLCHONES\1L\01_Portada.webp","Zach_Mejoradas\16_GEL LIMPIADOR COLCHONES\1L","01_Ecommerce.png","/forcedperspective","02_Creativa.png","03_Creativa.png","3_generadas_revision_etiqueta_pendiente","/goldenhour"
"06_SH NEUTRO LIMPIADOR\1L","Zach\06_SH NEUTRO LIMPIADOR\1L\01_Portada.webp","Zach_Mejoradas\06_SH NEUTRO LIMPIADOR\1L","01_Ecommerce.png","/portal","02_Creativa.png","03_Creativa.png","3_generadas_revision_etiqueta_pendiente","/levitation"
"05_SOLVEX N6\4L","Zach\05_SOLVEX N6\4L\01_Portada.webp","Zach_Mejoradas\05_SOLVEX N6\4L","01_Ecommerce.png","/reframe","02_Creativa.png","03_Creativa.png","3_generadas_revision_etiqueta_pendiente","/portal"
"05_SOLVEX N6\20L","Zach\05_SOLVEX N6\20L\01_Portada.webp","Zach_Mejoradas\05_SOLVEX N6\20L","01_Ecommerce.png","/industrial","02_Creativa.png","03_Creativa.png","3_generadas_revision_etiqueta_pendiente","/levitation"
"15_BIOTECH X\20L","Zach\15_BIOTECH X\20L\01_Portada.webp","Zach_Mejoradas\15_BIOTECH X\20L","01_Ecommerce.png","/portal","02_Creativa.png","03_Creativa.png","3_generadas_revision_etiqueta_pendiente","/papercut"
"15_BIOTECH X\1L\Naranja","Zach\15_BIOTECH X\1L\Naranja\01_Portada.webp","Zach_Mejoradas\15_BIOTECH X\1L\Naranja","01_Ecommerce.png","/gradient","02_Creativa.png","03_Creativa.png","3_generadas_revision_etiqueta_pendiente","/lighttrails"
"14_PLANCHA FACIL\4L","Zach\14_PLANCHA FACIL\4L\01_Portada.webp","Zach_Mejoradas\14_PLANCHA FACIL\4L","01_Ecommerce.png","/papercut","02_Creativa.png","03_Creativa.png","3_generadas_revision_etiqueta_pendiente","/portal"
"04_LAVAGARRAFONES\1L","Zach\04_LAVAGARRAFONES\1L\01_Portada.png","Zach_Mejoradas\04_LAVAGARRAFONES\1L","01_Ecommerce.png","/colorblock","02_Creativa.png","03_Creativa.png","3_generadas_revision_etiqueta_pendiente","/papercut"
"15_BIOTECH X\1L\Kiwi","Zach\15_BIOTECH X\1L\Kiwi\01_Portada.png","Zach_Mejoradas\15_BIOTECH X\1L\Kiwi","01_Ecommerce.png","/monochrome","02_Creativa.png","03_Creativa.png","3_generadas_revision_etiqueta_pendiente","/goldenhour"
"15_BIOTECH X\1L\Cereza","Zach\15_BIOTECH X\1L\Cereza\01_Portada.png","Zach_Mejoradas\15_BIOTECH X\1L\Cereza","01_Ecommerce.png","/papercut","02_Creativa.png","03_Creativa.png","3_generadas_revision_etiqueta_pendiente","/cinematic"
"14_PLANCHA FACIL\1L","Zach\14_PLANCHA FACIL\1L\01_Portada.webp","Zach_Mejoradas\14_PLANCHA FACIL\1L","01_Ecommerce.png","/relight","02_Creativa.png","03_Creativa.png","3_generadas_revision_etiqueta_pendiente","/monochrome"
"03_DETERGENTE ALCALINO\4L","Zach\03_DETERGENTE ALCALINO\4L\01_Portada.webp","Zach_Mejoradas\03_DETERGENTE ALCALINO\4L","01_Ecommerce.png","/colorblock","02_Creativa.png","03_Creativa.png","3_generadas_revision_etiqueta_pendiente","/cinematic"
"03_DETERGENTE ALCALINO\1L","Zach\03_DETERGENTE ALCALINO\1L\01_Portada.png","Zach_Mejoradas\03_DETERGENTE ALCALINO\1L","01_Ecommerce.png","/relight","02_Creativa.png","03_Creativa.png","3_generadas_revision_etiqueta_pendiente","/colorblock"
"13_BLACK REVIVE\500ml","Zach\13_BLACK REVIVE\500ml\01_Portada.webp","Zach_Mejoradas\13_BLACK REVIVE\500ml","01_Ecommerce.png","/cinematic","02_Creativa.png","03_Creativa.png","3_generadas_revision_etiqueta_pendiente","/monochrome"
"19_SHAMPOO CON CERA ZACH\1L","Zach\19_SHAMPOO CON CERA ZACH\1L\01_Portada.webp","Zach_Mejoradas\19_SHAMPOO CON CERA ZACH\1L","01_Ecommerce.png","/relight","02_Creativa.png","03_Creativa.png","3_generadas_revision_etiqueta_pendiente","/colorblock"
"02_APC ORANGE NEUTRO\20L","Zach\02_APC ORANGE NEUTRO\20L\01_Portada.webp","Zach_Mejoradas\02_APC ORANGE NEUTRO\20L","01_Ecommerce.png","/industrial","02_Creativa.png","03_Creativa.png","3_generadas_revision_etiqueta_pendiente","/reframe"
"18_AROMA FINALIZADOR SERVICIO\4L\FERRA MAG","Zach\18_AROMA FINALIZADOR SERVICIO\4L\FERRA MAG\01_Portada.webp","Zach_Mejoradas\18_AROMA FINALIZADOR SERVICIO\4L\FERRA MAG","01_Ecommerce.png","/lighttrails","02_Creativa.png","03_Creativa.png","3_generadas_revision_etiqueta_pendiente","/goldenhour"